Date,Country,Cumulative Deaths,New Deaths
22/1/2020,Australia,0,0
23/1/2020,Australia,0,0
24/1/2020,Australia,0,0
25/1/2020,Australia,0,0
26/1/2020,Australia,0,0
27/1/2020,Australia,0,0
28/1/2020,Australia,0,0
29/1/2020,Australia,0,0
30/1/2020,Australia,0,0
31/1/2020,Australia,0,0
1/2/2020,Australia,0,0
2/2/2020,Australia,0,0
3/2/2020,Australia,0,0
4/2/2020,Australia,0,0
5/2/2020,Australia,0,0
6/2/2020,Australia,0,0
7/2/2020,Australia,0,0
8/2/2020,Australia,0,0
9/2/2020,Australia,0,0
10/2/2020,Australia,0,0
11/2/2020,Australia,0,0
12/2/2020,Australia,0,0
13/2/2020,Australia,0,0
14/2/2020,Australia,0,0
15/2/2020,Australia,0,0
16/2/2020,Australia,0,0
17/2/2020,Australia,0,0
18/2/2020,Australia,0,0
19/2/2020,Australia,0,0
20/2/2020,Australia,0,0
21/2/2020,Australia,0,0
22/2/2020,Australia,0,0
23/2/2020,Australia,0,0
24/2/2020,Australia,0,0
25/2/2020,Australia,0,0
26/2/2020,Australia,0,0
27/2/2020,Australia,0,0
28/2/2020,Australia,0,0
29/2/2020,Australia,0,0
1/3/2020,Australia,1,1
2/3/2020,Australia,1,0
3/3/2020,Australia,1,0
4/3/2020,Australia,2,1
5/3/2020,Australia,2,0
6/3/2020,Australia,2,0
7/3/2020,Australia,2,0
8/3/2020,Australia,3,1
9/3/2020,Australia,3,0
10/3/2020,Australia,3,0
11/3/2020,Australia,3,0
12/3/2020,Australia,3,0
13/3/2020,Australia,3,0
14/3/2020,Australia,3,0
15/3/2020,Australia,3,0
16/3/2020,Australia,3,0
17/3/2020,Australia,5,2
18/3/2020,Australia,6,1
19/3/2020,Australia,6,0
20/3/2020,Australia,7,1
21/3/2020,Australia,7,0
22/3/2020,Australia,7,0
23/3/2020,Australia,7,0
24/3/2020,Australia,8,1
25/3/2020,Australia,8,0
26/3/2020,Australia,13,5
27/3/2020,Australia,13,0
28/3/2020,Australia,14,1
29/3/2020,Australia,16,2
30/3/2020,Australia,17,1
31/3/2020,Australia,18,1
1/4/2020,Australia,20,2
2/4/2020,Australia,24,4
3/4/2020,Australia,28,4
4/4/2020,Australia,30,2
5/4/2020,Australia,35,5
6/4/2020,Australia,40,5
7/4/2020,Australia,45,5
8/4/2020,Australia,50,5
9/4/2020,Australia,51,1
10/4/2020,Australia,54,3
11/4/2020,Australia,57,3
12/4/2020,Australia,60,3
13/4/2020,Australia,61,1
14/4/2020,Australia,62,1
15/4/2020,Australia,63,1
16/4/2020,Australia,63,0
17/4/2020,Australia,66,3
18/4/2020,Australia,67,1
19/4/2020,Australia,67,0
20/4/2020,Australia,67,0
21/4/2020,Australia,67,0
22/4/2020,Australia,67,0
23/4/2020,Australia,75,8
24/4/2020,Australia,79,4
25/4/2020,Australia,80,1
26/4/2020,Australia,83,3
27/4/2020,Australia,83,0
28/4/2020,Australia,89,6
29/4/2020,Australia,91,2
30/4/2020,Australia,93,2
1/5/2020,Australia,93,0
2/5/2020,Australia,94,1
3/5/2020,Australia,95,1
4/5/2020,Australia,96,1
5/5/2020,Australia,97,1
6/5/2020,Australia,97,0
7/5/2020,Australia,97,0
8/5/2020,Australia,97,0
9/5/2020,Australia,97,0
10/5/2020,Australia,97,0
11/5/2020,Australia,97,0
12/5/2020,Australia,98,1
13/5/2020,Australia,98,0
14/5/2020,Australia,98,0
15/5/2020,Australia,98,0
16/5/2020,Australia,98,0
17/5/2020,Australia,99,1
18/5/2020,Australia,99,0
19/5/2020,Australia,100,1
20/5/2020,Australia,100,0
21/5/2020,Australia,101,1
22/5/2020,Australia,101,0
23/5/2020,Australia,102,1
24/5/2020,Australia,102,0
25/5/2020,Australia,102,0
26/5/2020,Australia,103,1
27/5/2020,Australia,103,0
28/5/2020,Australia,103,0
29/5/2020,Australia,103,0
30/5/2020,Australia,103,0
31/5/2020,Australia,103,0
1/6/2020,Australia,102,0
2/6/2020,Australia,102,0
3/6/2020,Australia,102,0
4/6/2020,Australia,102,0
5/6/2020,Australia,102,0
6/6/2020,Australia,102,0
7/6/2020,Australia,102,0
8/6/2020,Australia,102,0
9/6/2020,Australia,102,0
10/6/2020,Australia,102,0
11/6/2020,Australia,102,0
12/6/2020,Australia,102,0
13/6/2020,Australia,102,0
14/6/2020,Australia,102,0
15/6/2020,Australia,102,0
16/6/2020,Australia,102,0
17/6/2020,Australia,102,0
18/6/2020,Australia,102,0
19/6/2020,Australia,102,0
20/6/2020,Australia,102,0
21/6/2020,Australia,102,0
22/6/2020,Australia,102,0
23/6/2020,Australia,103,1
24/6/2020,Australia,104,1
25/6/2020,Australia,104,0
26/6/2020,Australia,104,0
27/6/2020,Australia,104,0
28/6/2020,Australia,104,0
29/6/2020,Australia,104,0
30/6/2020,Australia,104,0
1/7/2020,Australia,104,0
2/7/2020,Australia,104,0
3/7/2020,Australia,104,0
4/7/2020,Australia,104,0
5/7/2020,Australia,106,2
6/7/2020,Australia,106,0
7/7/2020,Australia,106,0
8/7/2020,Australia,106,0
9/7/2020,Australia,106,0
10/7/2020,Australia,107,1
11/7/2020,Australia,108,1
12/7/2020,Australia,108,0
13/7/2020,Australia,108,0
14/7/2020,Australia,111,3
15/7/2020,Australia,113,2
16/7/2020,Australia,116,3
17/7/2020,Australia,118,2
18/7/2020,Australia,122,4
19/7/2020,Australia,123,1
20/7/2020,Australia,126,3
21/7/2020,Australia,128,2
22/7/2020,Australia,133,5
23/7/2020,Australia,139,6
24/7/2020,Australia,145,6
25/7/2020,Australia,155,10
26/7/2020,Australia,161,6
27/7/2020,Australia,167,6
28/7/2020,Australia,176,9
29/7/2020,Australia,189,13
30/7/2020,Australia,196,7
31/7/2020,Australia,201,5
1/8/2020,Australia,208,7
2/8/2020,Australia,221,13
3/8/2020,Australia,232,11
4/8/2020,Australia,247,15
5/8/2020,Australia,255,8
6/8/2020,Australia,266,11
7/8/2020,Australia,278,12
8/8/2020,Australia,295,17
9/8/2020,Australia,313,18
10/8/2020,Australia,331,18
11/8/2020,Australia,352,21
12/8/2020,Australia,361,9
13/8/2020,Australia,375,14
14/8/2020,Australia,379,4
15/8/2020,Australia,396,17
16/8/2020,Australia,421,25
17/8/2020,Australia,438,17
18/8/2020,Australia,450,12
19/8/2020,Australia,463,13
20/8/2020,Australia,472,9
21/8/2020,Australia,485,13
22/8/2020,Australia,502,17
23/8/2020,Australia,517,15
24/8/2020,Australia,525,8
25/8/2020,Australia,549,24
26/8/2020,Australia,572,23
27/8/2020,Australia,583,11
28/8/2020,Australia,600,17
29/8/2020,Australia,611,11
30/8/2020,Australia,652,41
31/8/2020,Australia,657,5
1/9/2020,Australia,663,6
2/9/2020,Australia,678,15
3/9/2020,Australia,737,59
4/9/2020,Australia,748,11
5/9/2020,Australia,753,5
6/9/2020,Australia,762,9
7/9/2020,Australia,770,8
8/9/2020,Australia,781,11
9/9/2020,Australia,788,7
10/9/2020,Australia,797,9
11/9/2020,Australia,803,6
12/9/2020,Australia,810,7
13/9/2020,Australia,816,6
14/9/2020,Australia,816,0
15/9/2020,Australia,824,8
16/9/2020,Australia,832,8
17/9/2020,Australia,837,5
18/9/2020,Australia,844,7
19/9/2020,Australia,849,5
20/9/2020,Australia,851,2
21/9/2020,Australia,854,3
22/9/2020,Australia,859,5
23/9/2020,Australia,861,2
24/9/2020,Australia,869,8
25/9/2020,Australia,870,1
26/9/2020,Australia,872,2
27/9/2020,Australia,875,3
28/9/2020,Australia,882,7
29/9/2020,Australia,886,4
30/9/2020,Australia,888,2
1/10/2020,Australia,890,2
2/10/2020,Australia,893,3
3/10/2020,Australia,894,1
4/10/2020,Australia,894,0
5/10/2020,Australia,895,1
6/10/2020,Australia,897,2
7/10/2020,Australia,897,0
8/10/2020,Australia,897,0
9/10/2020,Australia,897,0
10/10/2020,Australia,898,1
11/10/2020,Australia,898,0
12/10/2020,Australia,899,1
13/10/2020,Australia,904,5
14/10/2020,Australia,904,0
15/10/2020,Australia,904,0
16/10/2020,Australia,904,0
17/10/2020,Australia,904,0
18/10/2020,Australia,905,1
19/10/2020,Australia,905,0
20/10/2020,Australia,905,0
21/10/2020,Australia,905,0
22/10/2020,Australia,905,0
23/10/2020,Australia,905,0
24/10/2020,Australia,905,0
25/10/2020,Australia,905,0
26/10/2020,Australia,905,0
27/10/2020,Australia,907,2
28/10/2020,Australia,907,0
29/10/2020,Australia,907,0
30/10/2020,Australia,907,0
31/10/2020,Australia,907,0
1/11/2020,Australia,907,0
2/11/2020,Australia,907,0
3/11/2020,Australia,907,0
4/11/2020,Australia,907,0
5/11/2020,Australia,907,0
6/11/2020,Australia,907,0
7/11/2020,Australia,907,0
8/11/2020,Australia,907,0
9/11/2020,Australia,907,0
10/11/2020,Australia,907,0
11/11/2020,Australia,907,0
12/11/2020,Australia,907,0
13/11/2020,Australia,907,0
14/11/2020,Australia,907,0
15/11/2020,Australia,907,0
16/11/2020,Australia,907,0
17/11/2020,Australia,907,0
18/11/2020,Australia,907,0
19/11/2020,Australia,907,0
20/11/2020,Australia,907,0
21/11/2020,Australia,907,0
22/11/2020,Australia,907,0
23/11/2020,Australia,907,0
24/11/2020,Australia,907,0
25/11/2020,Australia,907,0
26/11/2020,Australia,907,0
27/11/2020,Australia,907,0
28/11/2020,Australia,907,0
29/11/2020,Australia,908,1
30/11/2020,Australia,908,0
1/12/2020,Australia,908,0
2/12/2020,Australia,908,0
3/12/2020,Australia,908,0
4/12/2020,Australia,908,0
5/12/2020,Australia,908,0
6/12/2020,Australia,908,0
7/12/2020,Australia,908,0
8/12/2020,Australia,908,0
9/12/2020,Australia,908,0
10/12/2020,Australia,908,0
11/12/2020,Australia,908,0
12/12/2020,Australia,908,0
13/12/2020,Australia,908,0
14/12/2020,Australia,908,0
15/12/2020,Australia,908,0
16/12/2020,Australia,908,0
17/12/2020,Australia,908,0
18/12/2020,Australia,908,0
19/12/2020,Australia,908,0
20/12/2020,Australia,908,0
21/12/2020,Australia,908,0
22/12/2020,Australia,908,0
23/12/2020,Australia,908,0
24/12/2020,Australia,908,0
25/12/2020,Australia,908,0
26/12/2020,Australia,908,0
27/12/2020,Australia,909,1
28/12/2020,Australia,909,0
29/12/2020,Australia,909,0
30/12/2020,Australia,909,0
31/12/2020,Australia,909,0
1/1/2021,Australia,909,0
2/1/2021,Australia,909,0
3/1/2021,Australia,909,0
4/1/2021,Australia,909,0
5/1/2021,Australia,909,0
6/1/2021,Australia,909,0
7/1/2021,Australia,909,0
8/1/2021,Australia,909,0
9/1/2021,Australia,909,0
10/1/2021,Australia,909,0
11/1/2021,Australia,909,0
12/1/2021,Australia,909,0
13/1/2021,Australia,909,0
14/1/2021,Australia,909,0
15/1/2021,Australia,909,0
16/1/2021,Australia,909,0
17/1/2021,Australia,909,0
18/1/2021,Australia,909,0
19/1/2021,Australia,909,0
20/1/2021,Australia,909,0
21/1/2021,Australia,909,0
22/1/2021,Australia,909,0
23/1/2021,Australia,909,0
24/1/2021,Australia,909,0
25/1/2021,Australia,909,0
26/1/2021,Australia,909,0
27/1/2021,Australia,909,0
28/1/2021,Australia,909,0
29/1/2021,Australia,909,0
30/1/2021,Australia,909,0
31/1/2021,Australia,909,0
1/2/2021,Australia,909,0
2/2/2021,Australia,909,0
3/2/2021,Australia,909,0
4/2/2021,Australia,909,0
5/2/2021,Australia,909,0
6/2/2021,Australia,909,0
7/2/2021,Australia,909,0
8/2/2021,Australia,909,0
9/2/2021,Australia,909,0
10/2/2021,Australia,909,0
11/2/2021,Australia,909,0
12/2/2021,Australia,909,0
13/2/2021,Australia,909,0
14/2/2021,Australia,909,0
15/2/2021,Australia,909,0
16/2/2021,Australia,909,0
17/2/2021,Australia,909,0
18/2/2021,Australia,909,0
19/2/2021,Australia,909,0
20/2/2021,Australia,909,0
21/2/2021,Australia,909,0
22/2/2021,Australia,909,0
23/2/2021,Australia,909,0
24/2/2021,Australia,909,0
25/2/2021,Australia,909,0
26/2/2021,Australia,909,0
27/2/2021,Australia,909,0
28/2/2021,Australia,909,0
1/3/2021,Australia,909,0
2/3/2021,Australia,909,0
3/3/2021,Australia,909,0
4/3/2021,Australia,909,0
5/3/2021,Australia,909,0
6/3/2021,Australia,909,0
7/3/2021,Australia,909,0
8/3/2021,Australia,909,0
9/3/2021,Australia,909,0
10/3/2021,Australia,909,0
11/3/2021,Australia,909,0
12/3/2021,Australia,909,0
13/3/2021,Australia,909,0
14/3/2021,Australia,909,0
15/3/2021,Australia,909,0
16/3/2021,Australia,909,0
17/3/2021,Australia,909,0
18/3/2021,Australia,909,0
19/3/2021,Australia,909,0
20/3/2021,Australia,909,0
21/3/2021,Australia,909,0
22/3/2021,Australia,909,0
23/3/2021,Australia,909,0
24/3/2021,Australia,909,0
25/3/2021,Australia,909,0
26/3/2021,Australia,909,0
27/3/2021,Australia,909,0
28/3/2021,Australia,909,0
29/3/2021,Australia,909,0
30/3/2021,Australia,909,0
31/3/2021,Australia,909,0
1/4/2021,Australia,909,0
2/4/2021,Australia,909,0
3/4/2021,Australia,909,0
4/4/2021,Australia,909,0
5/4/2021,Australia,909,0
6/4/2021,Australia,909,0
7/4/2021,Australia,909,0
8/4/2021,Australia,909,0
9/4/2021,Australia,909,0
10/4/2021,Australia,909,0
11/4/2021,Australia,909,0
12/4/2021,Australia,910,1
13/4/2021,Australia,910,0
14/4/2021,Australia,910,0
15/4/2021,Australia,910,0
16/4/2021,Australia,910,0
17/4/2021,Australia,910,0
18/4/2021,Australia,910,0
19/4/2021,Australia,910,0
20/4/2021,Australia,910,0
21/4/2021,Australia,910,0
22/4/2021,Australia,910,0
23/4/2021,Australia,910,0
24/4/2021,Australia,910,0
25/4/2021,Australia,910,0
26/4/2021,Australia,910,0
27/4/2021,Australia,910,0
28/4/2021,Australia,910,0
29/4/2021,Australia,910,0
30/4/2021,Australia,910,0
1/5/2021,Australia,910,0
2/5/2021,Australia,910,0
3/5/2021,Australia,910,0
4/5/2021,Australia,910,0
5/5/2021,Australia,910,0
6/5/2021,Australia,910,0
7/5/2021,Australia,910,0
8/5/2021,Australia,910,0
9/5/2021,Australia,910,0
10/5/2021,Australia,910,0
11/5/2021,Australia,910,0
12/5/2021,Australia,910,0
13/5/2021,Australia,910,0
14/5/2021,Australia,910,0
15/5/2021,Australia,910,0
16/5/2021,Australia,910,0
17/5/2021,Australia,910,0
18/5/2021,Australia,910,0
19/5/2021,Australia,910,0
20/5/2021,Australia,910,0
21/5/2021,Australia,910,0
22/5/2021,Australia,910,0
23/5/2021,Australia,910,0
24/5/2021,Australia,910,0
25/5/2021,Australia,910,0
26/5/2021,Australia,910,0
27/5/2021,Australia,910,0
28/5/2021,Australia,910,0
29/5/2021,Australia,910,0
30/5/2021,Australia,910,0
31/5/2021,Australia,910,0
1/6/2021,Australia,910,0
2/6/2021,Australia,910,0
3/6/2021,Australia,910,0
4/6/2021,Australia,910,0
5/6/2021,Australia,910,0
6/6/2021,Australia,910,0
7/6/2021,Australia,910,0
8/6/2021,Australia,910,0
9/6/2021,Australia,910,0
10/6/2021,Australia,910,0
11/6/2021,Australia,910,0
12/6/2021,Australia,910,0
13/6/2021,Australia,910,0
14/6/2021,Australia,910,0
15/6/2021,Australia,910,0
16/6/2021,Australia,910,0
17/6/2021,Australia,910,0
18/6/2021,Australia,910,0
19/6/2021,Australia,910,0
20/6/2021,Australia,910,0
21/6/2021,Australia,910,0
22/6/2021,Australia,910,0
23/6/2021,Australia,910,0
24/6/2021,Australia,910,0
25/6/2021,Australia,910,0
26/6/2021,Australia,910,0
27/6/2021,Australia,910,0
28/6/2021,Australia,910,0
29/6/2021,Australia,910,0
30/6/2021,Australia,910,0
1/7/2021,Australia,910,0
2/7/2021,Australia,910,0
3/7/2021,Australia,910,0
4/7/2021,Australia,910,0
5/7/2021,Australia,910,0
6/7/2021,Australia,910,0
7/7/2021,Australia,910,0
8/7/2021,Australia,910,0
9/7/2021,Australia,910,0
10/7/2021,Australia,911,1
11/7/2021,Australia,911,0
12/7/2021,Australia,912,1
13/7/2021,Australia,912,0
14/7/2021,Australia,912,0
15/7/2021,Australia,912,0
16/7/2021,Australia,913,1
17/7/2021,Australia,914,1
18/7/2021,Australia,914,0
19/7/2021,Australia,915,1
20/7/2021,Australia,915,0
21/7/2021,Australia,915,0
22/7/2021,Australia,916,1
23/7/2021,Australia,916,0
24/7/2021,Australia,918,2
25/7/2021,Australia,918,0
26/7/2021,Australia,922,4
27/7/2021,Australia,921,0
28/7/2021,Australia,923,2
29/7/2021,Australia,923,0
30/7/2021,Australia,924,1
31/7/2021,Australia,924,0
1/8/2021,Australia,925,1
2/8/2021,Australia,925,0
3/8/2021,Australia,927,2
4/8/2021,Australia,932,5
5/8/2021,Australia,933,1
6/8/2021,Australia,939,6
7/8/2021,Australia,938,0
8/8/2021,Australia,939,1
9/8/2021,Australia,943,4
10/8/2021,Australia,945,2
11/8/2021,Australia,947,2
12/8/2021,Australia,949,2
13/8/2021,Australia,953,4
14/8/2021,Australia,958,5
15/8/2021,Australia,966,8
16/8/2021,Australia,967,1
17/8/2021,Australia,970,3
18/8/2021,Australia,972,2
19/8/2021,Australia,976,4
20/8/2021,Australia,978,2
21/8/2021,Australia,981,3
22/8/2021,Australia,984,3
23/8/2021,Australia,984,0
24/8/2021,Australia,986,2
25/8/2021,Australia,989,3
26/8/2021,Australia,991,2
27/8/2021,Australia,993,2
28/8/2021,Australia,999,6
29/8/2021,Australia,1003,4
30/8/2021,Australia,1006,3
31/8/2021,Australia,1012,6
1/9/2021,Australia,1019,7
2/9/2021,Australia,1032,13
3/9/2021,Australia,1036,4
4/9/2021,Australia,1039,3
5/9/2021,Australia,1044,5
6/9/2021,Australia,1052,8
7/9/2021,Australia,1060,8
8/9/2021,Australia,1066,6
9/9/2021,Australia,1076,10
10/9/2021,Australia,1084,8
11/9/2021,Australia,1091,7
12/9/2021,Australia,1098,7
22/1/2020,India,0,0
23/1/2020,India,0,0
24/1/2020,India,0,0
25/1/2020,India,0,0
26/1/2020,India,0,0
27/1/2020,India,0,0
28/1/2020,India,0,0
29/1/2020,India,0,0
30/1/2020,India,0,0
31/1/2020,India,0,0
1/2/2020,India,0,0
2/2/2020,India,0,0
3/2/2020,India,0,0
4/2/2020,India,0,0
5/2/2020,India,0,0
6/2/2020,India,0,0
7/2/2020,India,0,0
8/2/2020,India,0,0
9/2/2020,India,0,0
10/2/2020,India,0,0
11/2/2020,India,0,0
12/2/2020,India,0,0
13/2/2020,India,0,0
14/2/2020,India,0,0
15/2/2020,India,0,0
16/2/2020,India,0,0
17/2/2020,India,0,0
18/2/2020,India,0,0
19/2/2020,India,0,0
20/2/2020,India,0,0
21/2/2020,India,0,0
22/2/2020,India,0,0
23/2/2020,India,0,0
24/2/2020,India,0,0
25/2/2020,India,0,0
26/2/2020,India,0,0
27/2/2020,India,0,0
28/2/2020,India,0,0
29/2/2020,India,0,0
1/3/2020,India,0,0
2/3/2020,India,0,0
3/3/2020,India,0,0
4/3/2020,India,0,0
5/3/2020,India,0,0
6/3/2020,India,0,0
7/3/2020,India,0,0
8/3/2020,India,0,0
9/3/2020,India,0,0
10/3/2020,India,0,0
11/3/2020,India,1,1
12/3/2020,India,1,0
13/3/2020,India,2,1
14/3/2020,India,2,0
15/3/2020,India,2,0
16/3/2020,India,2,0
17/3/2020,India,3,1
18/3/2020,India,3,0
19/3/2020,India,4,1
20/3/2020,India,5,1
21/3/2020,India,4,0
22/3/2020,India,7,3
23/3/2020,India,10,3
24/3/2020,India,10,0
25/3/2020,India,12,2
26/3/2020,India,20,8
27/3/2020,India,20,0
28/3/2020,India,24,4
29/3/2020,India,27,3
30/3/2020,India,32,5
31/3/2020,India,35,3
1/4/2020,India,58,23
2/4/2020,India,72,14
3/4/2020,India,72,0
4/4/2020,India,86,14
5/4/2020,India,99,13
6/4/2020,India,136,37
7/4/2020,India,150,14
8/4/2020,India,178,28
9/4/2020,India,226,48
10/4/2020,India,246,20
11/4/2020,India,288,42
12/4/2020,India,331,43
13/4/2020,India,358,27
14/4/2020,India,393,35
15/4/2020,India,405,12
16/4/2020,India,448,43
17/4/2020,India,486,38
18/4/2020,India,521,35
19/4/2020,India,559,38
20/4/2020,India,592,33
21/4/2020,India,645,53
22/4/2020,India,681,36
23/4/2020,India,721,40
24/4/2020,India,780,59
25/4/2020,India,825,45
26/4/2020,India,881,56
27/4/2020,India,939,58
28/4/2020,India,1008,69
29/4/2020,India,1079,71
30/4/2020,India,1154,75
1/5/2020,India,1223,69
2/5/2020,India,1323,100
3/5/2020,India,1391,68
4/5/2020,India,1566,175
5/5/2020,India,1693,127
6/5/2020,India,1785,92
7/5/2020,India,1889,104
8/5/2020,India,1985,96
9/5/2020,India,2101,116
10/5/2020,India,2212,111
11/5/2020,India,2294,82
12/5/2020,India,2415,121
13/5/2020,India,2551,136
14/5/2020,India,2649,98
15/5/2020,India,2753,104
16/5/2020,India,2871,118
17/5/2020,India,3025,154
18/5/2020,India,3156,131
19/5/2020,India,3302,146
20/5/2020,India,3434,132
21/5/2020,India,3584,150
22/5/2020,India,3726,142
23/5/2020,India,3868,142
24/5/2020,India,4024,156
25/5/2020,India,4172,148
26/5/2020,India,4344,172
27/5/2020,India,4534,190
28/5/2020,India,4711,177
29/5/2020,India,4980,269
30/5/2020,India,5185,205
31/5/2020,India,5408,223
1/6/2020,India,5608,200
2/6/2020,India,5829,221
3/6/2020,India,6088,259
4/6/2020,India,6363,275
5/6/2020,India,6649,286
6/6/2020,India,6946,297
7/6/2020,India,7207,261
8/6/2020,India,7473,266
9/6/2020,India,7750,277
10/6/2020,India,8102,352
11/6/2020,India,8498,396
12/6/2020,India,8884,386
13/6/2020,India,9195,311
14/6/2020,India,9520,325
15/6/2020,India,9900,380
16/6/2020,India,11903,2003
17/6/2020,India,12237,334
18/6/2020,India,12573,336
19/6/2020,India,12948,375
20/6/2020,India,13254,306
21/6/2020,India,13699,445
22/6/2020,India,14011,312
23/6/2020,India,14476,465
24/6/2020,India,14894,418
25/6/2020,India,15301,407
26/6/2020,India,15685,384
27/6/2020,India,16095,410
28/6/2020,India,16475,380
29/6/2020,India,16893,418
30/6/2020,India,17400,507
1/7/2020,India,17834,434
2/7/2020,India,18213,379
3/7/2020,India,18655,442
4/7/2020,India,19268,613
5/7/2020,India,19693,425
6/7/2020,India,20159,466
7/7/2020,India,20642,483
8/7/2020,India,21129,487
9/7/2020,India,21604,475
10/7/2020,India,22123,519
11/7/2020,India,22673,550
12/7/2020,India,23174,501
13/7/2020,India,23727,553
14/7/2020,India,24309,582
15/7/2020,India,24914,605
16/7/2020,India,25602,688
17/7/2020,India,26273,671
18/7/2020,India,26816,543
19/7/2020,India,27497,681
20/7/2020,India,28082,585
21/7/2020,India,28732,650
22/7/2020,India,29861,1129
23/7/2020,India,30601,740
24/7/2020,India,31358,757
25/7/2020,India,32060,702
26/7/2020,India,32771,711
27/7/2020,India,33408,637
28/7/2020,India,34193,785
29/7/2020,India,34955,762
30/7/2020,India,35718,763
31/7/2020,India,36511,793
1/8/2020,India,37364,853
2/8/2020,India,38135,771
3/8/2020,India,38938,803
4/8/2020,India,39795,857
5/8/2020,India,40699,904
6/8/2020,India,41585,886
7/8/2020,India,42518,933
8/8/2020,India,43379,861
9/8/2020,India,44386,1007
10/8/2020,India,45257,871
11/8/2020,India,46091,834
12/8/2020,India,47033,942
13/8/2020,India,48040,1007
14/8/2020,India,49036,996
15/8/2020,India,49980,944
16/8/2020,India,50921,941
17/8/2020,India,51797,876
18/8/2020,India,52888,1091
19/8/2020,India,53866,978
20/8/2020,India,54849,983
21/8/2020,India,55794,945
22/8/2020,India,56706,912
23/8/2020,India,57542,836
24/8/2020,India,58390,848
25/8/2020,India,59357,967
26/8/2020,India,60472,1115
27/8/2020,India,61529,1057
28/8/2020,India,62550,1021
29/8/2020,India,63498,948
30/8/2020,India,64469,971
31/8/2020,India,65288,819
1/9/2020,India,66333,1045
2/9/2020,India,67376,1043
3/9/2020,India,68472,1096
4/9/2020,India,69561,1089
5/9/2020,India,70626,1065
6/9/2020,India,71642,1016
7/9/2020,India,72775,1133
8/9/2020,India,73890,1115
9/9/2020,India,75062,1172
10/9/2020,India,76271,1209
11/9/2020,India,77472,1201
12/9/2020,India,78586,1114
13/9/2020,India,79722,1136
14/9/2020,India,80776,1054
15/9/2020,India,82066,1290
16/9/2020,India,83198,1132
17/9/2020,India,84372,1174
18/9/2020,India,85619,1247
19/9/2020,India,86752,1133
20/9/2020,India,87882,1130
21/9/2020,India,88935,1053
22/9/2020,India,90020,1085
23/9/2020,India,91149,1129
24/9/2020,India,92290,1141
25/9/2020,India,93379,1089
26/9/2020,India,94503,1124
27/9/2020,India,95542,1039
28/9/2020,India,96318,776
29/9/2020,India,97497,1179
30/9/2020,India,98678,1181
1/10/2020,India,99773,1095
2/10/2020,India,100842,1069
3/10/2020,India,101782,940
4/10/2020,India,102685,903
5/10/2020,India,103569,884
6/10/2020,India,104555,986
7/10/2020,India,105526,971
8/10/2020,India,106490,964
9/10/2020,India,107416,926
10/10/2020,India,108334,918
11/10/2020,India,109150,816
12/10/2020,India,109856,706
13/10/2020,India,110586,730
14/10/2020,India,111266,680
15/10/2020,India,112161,895
16/10/2020,India,112998,837
17/10/2020,India,114031,1033
18/10/2020,India,114610,579
19/10/2020,India,115197,587
20/10/2020,India,115914,717
21/10/2020,India,116616,702
22/10/2020,India,117306,690
23/10/2020,India,117956,650
24/10/2020,India,118534,578
25/10/2020,India,119014,480
26/10/2020,India,119502,488
27/10/2020,India,120010,508
28/10/2020,India,120527,517
29/10/2020,India,121090,563
30/10/2020,India,121641,551
31/10/2020,India,122111,470
1/11/2020,India,122607,496
2/11/2020,India,123097,490
3/11/2020,India,123611,514
4/11/2020,India,124315,704
5/11/2020,India,124985,670
6/11/2020,India,125562,577
7/11/2020,India,126121,559
8/11/2020,India,126611,490
9/11/2020,India,127059,448
10/11/2020,India,127571,512
11/11/2020,India,128121,550
12/11/2020,India,128668,547
13/11/2020,India,129188,520
14/11/2020,India,129635,447
15/11/2020,India,130070,435
16/11/2020,India,130519,449
17/11/2020,India,130993,474
18/11/2020,India,131578,585
19/11/2020,India,132162,584
20/11/2020,India,132726,564
21/11/2020,India,133227,501
22/11/2020,India,133738,511
23/11/2020,India,134218,480
24/11/2020,India,134699,481
25/11/2020,India,135223,524
26/11/2020,India,135715,492
27/11/2020,India,136200,485
28/11/2020,India,136696,496
29/11/2020,India,137139,443
30/11/2020,India,137621,482
1/12/2020,India,138122,501
2/12/2020,India,138648,526
3/12/2020,India,139188,540
4/12/2020,India,139700,512
5/12/2020,India,140182,482
6/12/2020,India,140573,391
7/12/2020,India,140958,385
8/12/2020,India,141360,402
9/12/2020,India,141772,412
10/12/2020,India,142185,413
11/12/2020,India,142628,443
12/12/2020,India,143019,391
13/12/2020,India,143355,336
14/12/2020,India,143709,354
15/12/2020,India,144096,387
16/12/2020,India,144451,355
17/12/2020,India,144789,338
18/12/2020,India,145136,347
19/12/2020,India,145477,341
20/12/2020,India,145810,333
21/12/2020,India,146111,301
22/12/2020,India,146444,333
23/12/2020,India,146756,312
24/12/2020,India,147092,336
25/12/2020,India,147343,251
26/12/2020,India,147622,279
27/12/2020,India,147901,279
28/12/2020,India,148153,252
29/12/2020,India,148439,286
30/12/2020,India,148738,299
31/12/2020,India,148994,256
1/1/2021,India,149474,480
2/1/2021,India,149435,0
3/1/2021,India,149649,214
4/1/2021,India,149850,201
5/1/2021,India,150114,264
6/1/2021,India,150336,222
7/1/2021,India,150570,234
8/1/2021,India,150570,0
9/1/2021,India,150999,429
10/1/2021,India,151160,161
11/1/2021,India,151327,167
12/1/2021,India,151529,202
13/1/2021,India,151727,198
14/1/2021,India,151918,191
15/1/2021,India,152093,175
16/1/2021,India,152274,181
17/1/2021,India,152419,145
18/1/2021,India,152556,137
19/1/2021,India,152718,162
20/1/2021,India,152869,151
21/1/2021,India,153032,163
22/1/2021,India,153184,152
23/1/2021,India,153339,155
24/1/2021,India,153470,131
25/1/2021,India,153587,117
26/1/2021,India,153724,137
27/1/2021,India,153847,123
28/1/2021,India,154010,163
29/1/2021,India,154147,137
30/1/2021,India,154274,127
31/1/2021,India,154392,118
1/2/2021,India,154486,94
2/2/2021,India,154596,110
3/2/2021,India,154703,107
4/2/2021,India,154823,120
5/2/2021,India,154918,95
6/2/2021,India,154996,78
7/2/2021,India,155080,84
8/2/2021,India,155158,78
9/2/2021,India,155252,94
10/2/2021,India,155360,108
11/2/2021,India,155447,87
12/2/2021,India,155550,103
13/2/2021,India,155642,92
14/2/2021,India,155732,90
15/2/2021,India,155813,81
16/2/2021,India,155913,100
17/2/2021,India,156014,101
18/2/2021,India,156111,97
19/2/2021,India,156212,101
20/2/2021,India,156302,90
21/2/2021,India,156385,83
22/2/2021,India,156463,78
23/2/2021,India,156567,104
24/2/2021,India,156705,138
25/2/2021,India,156825,120
26/2/2021,India,156938,113
27/2/2021,India,157051,113
28/2/2021,India,157157,106
1/3/2021,India,157248,91
2/3/2021,India,157346,98
3/3/2021,India,157435,89
4/3/2021,India,157548,113
5/3/2021,India,157656,108
6/3/2021,India,157756,100
7/3/2021,India,157853,97
8/3/2021,India,157930,77
9/3/2021,India,158063,133
10/3/2021,India,158189,126
11/3/2021,India,158306,117
12/3/2021,India,158446,140
13/3/2021,India,158607,161
14/3/2021,India,158725,118
15/3/2021,India,158856,131
16/3/2021,India,159044,188
17/3/2021,India,159216,172
18/3/2021,India,159370,154
19/3/2021,India,159558,188
20/3/2021,India,159755,197
21/3/2021,India,159967,212
22/3/2021,India,160166,199
23/3/2021,India,160441,275
24/3/2021,India,160692,251
25/3/2021,India,160949,257
26/3/2021,India,161240,291
27/3/2021,India,161552,312
28/3/2021,India,161843,291
29/3/2021,India,162114,271
30/3/2021,India,162468,354
31/3/2021,India,162927,459
1/4/2021,India,163396,469
2/4/2021,India,164110,714
3/4/2021,India,164623,513
4/4/2021,India,165101,478
5/4/2021,India,165547,446
6/4/2021,India,166177,630
7/4/2021,India,166862,685
8/4/2021,India,167642,780
9/4/2021,India,168436,794
10/4/2021,India,169275,839
11/4/2021,India,170179,904
12/4/2021,India,171058,879
13/4/2021,India,172085,1027
14/4/2021,India,173123,1038
15/4/2021,India,174308,1185
16/4/2021,India,175649,1341
17/4/2021,India,177150,1501
18/4/2021,India,178769,1619
19/4/2021,India,180530,1761
20/4/2021,India,182553,2023
21/4/2021,India,184657,2104
22/4/2021,India,186920,2263
23/4/2021,India,189544,2624
24/4/2021,India,192311,2767
25/4/2021,India,195123,2812
26/4/2021,India,197894,2771
27/4/2021,India,201187,3293
28/4/2021,India,204832,3645
29/4/2021,India,208330,3498
30/4/2021,India,211853,3523
1/5/2021,India,215542,3689
2/5/2021,India,218959,3417
3/5/2021,India,222408,3449
4/5/2021,India,226188,3780
5/5/2021,India,230168,3980
6/5/2021,India,234083,3915
7/5/2021,India,238270,4187
8/5/2021,India,242347,4077
9/5/2021,India,246116,3769
10/5/2021,India,249992,3876
11/5/2021,India,254197,4205
12/5/2021,India,258317,4120
13/5/2021,India,262317,4000
14/5/2021,India,266207,3890
15/5/2021,India,270284,4077
16/5/2021,India,274390,4106
17/5/2021,India,278719,4329
18/5/2021,India,283248,4529
19/5/2021,India,287122,3874
20/5/2021,India,291331,4209
21/5/2021,India,295525,4194
22/5/2021,India,299266,3741
23/5/2021,India,303720,4454
24/5/2021,India,307231,3511
25/5/2021,India,311388,4157
26/5/2021,India,315235,3847
27/5/2021,India,318895,3660
28/5/2021,India,322512,3617
29/5/2021,India,325972,3460
30/5/2021,India,329100,3128
31/5/2021,India,331895,2795
1/6/2021,India,335102,3207
2/6/2021,India,337989,2887
3/6/2021,India,340702,2713
4/6/2021,India,344082,3380
5/6/2021,India,346759,2677
6/6/2021,India,349186,2427
7/6/2021,India,351309,2123
8/6/2021,India,353528,2219
9/6/2021,India,355705,2177
10/6/2021,India,363079,7374
11/6/2021,India,367081,4002
12/6/2021,India,370384,3303
13/6/2021,India,374305,3921
14/6/2021,India,377031,2726
15/6/2021,India,379573,2542
16/6/2021,India,381903,2330
17/6/2021,India,383490,1587
18/6/2021,India,385137,1647
19/6/2021,India,386708,1571
20/6/2021,India,388135,1427
21/6/2021,India,389302,1167
22/6/2021,India,390660,1358
23/6/2021,India,391981,1321
24/6/2021,India,393310,1329
25/6/2021,India,394493,1183
26/6/2021,India,395751,1258
27/6/2021,India,396730,979
28/6/2021,India,397637,907
29/6/2021,India,398454,817
30/6/2021,India,399459,1005
1/7/2021,India,400312,853
2/7/2021,India,401050,738
3/7/2021,India,402005,955
4/7/2021,India,402728,723
5/7/2021,India,403281,553
6/7/2021,India,404211,930
7/7/2021,India,405028,817
8/7/2021,India,405939,911
9/7/2021,India,407145,1206
10/7/2021,India,408040,895
11/7/2021,India,408764,724
12/7/2021,India,410784,2020
13/7/2021,India,411406,622
14/7/2021,India,411989,583
15/7/2021,India,412531,542
16/7/2021,India,413091,560
17/7/2021,India,413609,518
18/7/2021,India,414108,499
19/7/2021,India,414482,374
20/7/2021,India,418480,3998
21/7/2021,India,418987,507
22/7/2021,India,419470,483
23/7/2021,India,419470,0
24/7/2021,India,420551,1081
25/7/2021,India,420967,416
26/7/2021,India,421382,415
27/7/2021,India,422022,640
28/7/2021,India,422662,640
29/7/2021,India,423217,555
30/7/2021,India,423810,593
31/7/2021,India,424351,541
1/8/2021,India,424773,422
2/8/2021,India,425195,422
3/8/2021,India,425757,562
4/8/2021,India,426290,533
5/8/2021,India,426754,464
6/8/2021,India,427371,617
7/8/2021,India,427862,491
8/8/2021,India,428309,447
9/8/2021,India,428682,373
10/8/2021,India,429179,497
11/8/2021,India,429669,490
12/8/2021,India,430254,585
13/8/2021,India,430732,478
14/8/2021,India,431225,493
15/8/2021,India,431642,417
16/8/2021,India,432079,437
17/8/2021,India,432519,440
18/8/2021,India,433049,530
19/8/2021,India,433589,540
20/8/2021,India,433964,375
21/8/2021,India,434367,403
22/8/2021,India,434756,389
23/8/2021,India,435110,354
24/8/2021,India,435758,648
25/8/2021,India,436365,607
26/8/2021,India,436861,496
27/8/2021,India,437370,509
28/8/2021,India,437830,460
29/8/2021,India,438210,380
30/8/2021,India,438560,350
31/8/2021,India,439020,460
1/9/2021,India,439529,509
2/9/2021,India,439895,366
3/9/2021,India,440225,330
4/9/2021,India,440533,308
5/9/2021,India,440752,219
6/9/2021,India,441042,290
7/9/2021,India,441411,369
8/9/2021,India,441749,338
9/9/2021,India,442009,260
10/9/2021,India,442317,308
11/9/2021,India,442655,338
12/9/2021,India,442874,219
22/1/2020,US,0,0
23/1/2020,US,0,0
24/1/2020,US,0,0
25/1/2020,US,0,0
26/1/2020,US,0,0
27/1/2020,US,0,0
28/1/2020,US,0,0
29/1/2020,US,0,0
30/1/2020,US,0,0
31/1/2020,US,0,0
1/2/2020,US,0,0
2/2/2020,US,0,0
3/2/2020,US,0,0
4/2/2020,US,0,0
5/2/2020,US,0,0
6/2/2020,US,0,0
7/2/2020,US,0,0
8/2/2020,US,0,0
9/2/2020,US,0,0
10/2/2020,US,0,0
11/2/2020,US,0,0
12/2/2020,US,0,0
13/2/2020,US,0,0
14/2/2020,US,0,0
15/2/2020,US,0,0
16/2/2020,US,0,0
17/2/2020,US,0,0
18/2/2020,US,0,0
19/2/2020,US,0,0
20/2/2020,US,0,0
21/2/2020,US,0,0
22/2/2020,US,0,0
23/2/2020,US,0,0
24/2/2020,US,0,0
25/2/2020,US,0,0
26/2/2020,US,0,0
27/2/2020,US,0,0
28/2/2020,US,0,0
29/2/2020,US,1,1
1/3/2020,US,1,0
2/3/2020,US,6,5
3/3/2020,US,7,1
4/3/2020,US,11,4
5/3/2020,US,12,1
6/3/2020,US,14,2
7/3/2020,US,17,3
8/3/2020,US,21,4
9/3/2020,US,22,1
10/3/2020,US,28,6
11/3/2020,US,33,5
12/3/2020,US,43,10
13/3/2020,US,51,8
14/3/2020,US,58,7
15/3/2020,US,70,12
16/3/2020,US,97,27
17/3/2020,US,134,37
18/3/2020,US,194,60
19/3/2020,US,266,72
20/3/2020,US,372,106
21/3/2020,US,475,103
22/3/2020,US,603,128
23/3/2020,US,792,189
24/3/2020,US,1033,241
25/3/2020,US,1369,336
26/3/2020,US,1785,416
27/3/2020,US,2304,519
28/3/2020,US,2977,673
29/3/2020,US,3569,592
30/3/2020,US,4280,711
31/3/2020,US,5362,1082
1/4/2020,US,6636,1274
2/4/2020,US,8151,1515
3/4/2020,US,9558,1407
4/4/2020,US,11167,1609
5/4/2020,US,12799,1632
6/4/2020,US,14536,1737
7/4/2020,US,17106,2570
8/4/2020,US,19260,2154
9/4/2020,US,21475,2215
10/4/2020,US,23663,2188
11/4/2020,US,25801,2138
12/4/2020,US,27693,1892
13/4/2020,US,29675,1982
14/4/2020,US,32128,2453
15/4/2020,US,34719,2591
16/4/2020,US,36917,2198
17/4/2020,US,39030,2113
18/4/2020,US,40970,1940
19/4/2020,US,42959,1989
20/4/2020,US,45203,2244
21/4/2020,US,47662,2459
22/4/2020,US,50135,2473
23/4/2020,US,52570,2435
24/4/2020,US,54748,2178
25/4/2020,US,56472,1724
26/4/2020,US,57885,1413
27/4/2020,US,59380,1495
28/4/2020,US,61608,2228
29/4/2020,US,64006,2398
30/4/2020,US,66187,2181
1/5/2020,US,68098,1911
2/5/2020,US,69833,1735
3/5/2020,US,71032,1199
4/5/2020,US,72409,1377
5/5/2020,US,74616,2207
6/5/2020,US,76937,2321
7/5/2020,US,78856,1919
8/5/2020,US,80615,1759
9/5/2020,US,82084,1469
10/5/2020,US,83075,991
11/5/2020,US,84112,1037
12/5/2020,US,85709,1597
13/5/2020,US,87432,1723
14/5/2020,US,89207,1775
15/5/2020,US,90872,1665
16/5/2020,US,92073,1201
17/5/2020,US,92902,829
18/5/2020,US,94130,1228
19/5/2020,US,95582,1452
20/5/2020,US,97081,1499
21/5/2020,US,98268,1187
22/5/2020,US,99493,1225
23/5/2020,US,100573,1080
24/5/2020,US,101213,640
25/5/2020,US,101811,598
26/5/2020,US,102489,678
27/5/2020,US,103942,1453
28/5/2020,US,105035,1093
29/5/2020,US,106161,1126
30/5/2020,US,107115,954
31/5/2020,US,107733,618
1/6/2020,US,108501,768
2/6/2020,US,109482,981
3/6/2020,US,110489,1007
4/6/2020,US,111487,998
5/6/2020,US,112376,889
6/6/2020,US,113018,642
7/6/2020,US,113478,460
8/6/2020,US,113986,508
9/6/2020,US,114894,908
10/6/2020,US,115771,877
11/6/2020,US,116597,826
12/6/2020,US,117424,827
13/6/2020,US,118163,739
14/6/2020,US,118507,344
15/6/2020,US,118905,398
16/6/2020,US,119715,810
17/6/2020,US,120454,739
18/6/2020,US,121145,691
19/6/2020,US,121774,629
20/6/2020,US,122330,556
21/6/2020,US,122650,320
22/6/2020,US,123056,406
23/6/2020,US,123804,748
24/6/2020,US,124541,737
25/6/2020,US,125079,538
26/6/2020,US,125707,628
27/6/2020,US,126214,507
28/6/2020,US,126530,316
29/6/2020,US,126916,386
30/6/2020,US,127471,555
1/7/2020,US,128171,700
2/7/2020,US,128881,710
3/7/2020,US,129551,670
4/7/2020,US,129866,315
5/7/2020,US,130192,326
6/7/2020,US,130569,377
7/7/2020,US,131728,1159
8/7/2020,US,132550,822
9/7/2020,US,133569,1019
10/7/2020,US,134383,814
11/7/2020,US,135112,729
12/7/2020,US,135584,472
13/7/2020,US,136031,447
14/7/2020,US,136946,915
15/7/2020,US,137927,981
16/7/2020,US,138879,952
17/7/2020,US,139803,924
18/7/2020,US,140660,857
19/7/2020,US,141145,485
20/7/2020,US,141707,562
21/7/2020,US,142792,1085
22/7/2020,US,144015,1223
23/7/2020,US,145083,1068
24/7/2020,US,146187,1104
25/7/2020,US,147119,932
26/7/2020,US,147650,531
27/7/2020,US,148777,1127
28/7/2020,US,150108,1331
29/7/2020,US,151516,1408
30/7/2020,US,152752,1236
31/7/2020,US,153989,1237
1/8/2020,US,155076,1087
2/8/2020,US,155514,438
3/8/2020,US,156097,583
4/8/2020,US,157381,1284
5/8/2020,US,158821,1440
6/8/2020,US,160058,1237
7/8/2020,US,161301,1243
8/8/2020,US,162371,1070
9/8/2020,US,162892,521
10/8/2020,US,163526,634
11/8/2020,US,164550,1024
12/8/2020,US,166054,1504
13/8/2020,US,167118,1064
14/8/2020,US,168455,1337
15/8/2020,US,169455,1000
16/8/2020,US,170070,615
17/8/2020,US,170563,493
18/8/2020,US,171790,1227
19/8/2020,US,173125,1335
20/8/2020,US,174230,1105
21/8/2020,US,175313,1083
22/8/2020,US,176222,909
23/8/2020,US,176768,546
24/8/2020,US,177244,476
25/8/2020,US,178467,1223
26/8/2020,US,179630,1163
27/8/2020,US,180743,1113
28/8/2020,US,181718,975
29/8/2020,US,182634,916
30/8/2020,US,183075,441
31/8/2020,US,183617,542
1/9/2020,US,184644,1027
2/9/2020,US,185717,1073
3/9/2020,US,186747,1030
4/9/2020,US,187704,957
5/9/2020,US,188461,757
6/9/2020,US,188930,469
7/9/2020,US,189244,314
8/9/2020,US,189701,457
9/9/2020,US,190860,1159
10/9/2020,US,191782,922
11/9/2020,US,192936,1154
12/9/2020,US,193646,710
13/9/2020,US,194074,428
14/9/2020,US,194508,434
15/9/2020,US,195707,1199
16/9/2020,US,196664,957
17/9/2020,US,197521,857
18/9/2020,US,198410,889
19/9/2020,US,199140,730
20/9/2020,US,199407,267
21/9/2020,US,199831,424
22/9/2020,US,200859,1028
23/9/2020,US,201921,1062
24/9/2020,US,202819,898
25/9/2020,US,203760,941
26/9/2020,US,204529,769
27/9/2020,US,204844,315
28/9/2020,US,205200,356
29/9/2020,US,206063,863
30/9/2020,US,207017,954
1/10/2020,US,207886,869
2/10/2020,US,208740,854
3/10/2020,US,209423,683
4/10/2020,US,209797,374
5/10/2020,US,210280,483
6/10/2020,US,210965,685
7/10/2020,US,211882,917
8/10/2020,US,212873,991
9/10/2020,US,213842,969
10/10/2020,US,214501,659
11/10/2020,US,214972,471
12/10/2020,US,215371,399
13/10/2020,US,216171,800
14/10/2020,US,217158,987
15/10/2020,US,217995,837
16/10/2020,US,218939,944
17/10/2020,US,219705,766
18/10/2020,US,220196,491
19/10/2020,US,220679,483
20/10/2020,US,221604,925
21/10/2020,US,222727,1123
22/10/2020,US,223618,891
23/10/2020,US,224581,963
24/10/2020,US,225535,954
25/10/2020,US,225996,461
26/10/2020,US,226529,533
27/10/2020,US,227501,972
28/10/2020,US,228534,1033
29/10/2020,US,229538,1004
30/10/2020,US,230595,1057
31/10/2020,US,231520,925
1/11/2020,US,232027,507
2/11/2020,US,232599,572
3/11/2020,US,234177,1578
4/11/2020,US,235284,1107
5/11/2020,US,236449,1165
6/11/2020,US,237674,1225
7/11/2020,US,238764,1090
8/11/2020,US,239338,574
9/11/2020,US,240113,775
10/11/2020,US,241529,1416
11/11/2020,US,242964,1435
12/11/2020,US,244173,1209
13/11/2020,US,245373,1200
14/11/2020,US,246720,1347
15/11/2020,US,247500,780
16/11/2020,US,248335,835
17/11/2020,US,250046,1711
18/11/2020,US,251961,1915
19/11/2020,US,254015,2054
20/11/2020,US,255975,1960
21/11/2020,US,257598,1623
22/11/2020,US,258636,1038
23/11/2020,US,259737,1101
24/11/2020,US,261868,2131
25/11/2020,US,264128,2260
26/11/2020,US,265515,1387
27/11/2020,US,267069,1554
28/11/2020,US,268435,1366
29/11/2020,US,269477,1042
30/11/2020,US,270821,1344
1/12/2020,US,273366,2545
2/12/2020,US,276184,2818
3/12/2020,US,279121,2937
4/12/2020,US,281818,2697
5/12/2020,US,284182,2364
6/12/2020,US,285545,1363
7/12/2020,US,287145,1600
8/12/2020,US,289766,2621
9/12/2020,US,292947,3181
10/12/2020,US,295941,2994
11/12/2020,US,299348,3407
12/12/2020,US,301826,2478
13/12/2020,US,303463,1637
14/12/2020,US,305113,1650
15/12/2020,US,308199,3086
16/12/2020,US,311877,3678
17/12/2020,US,315379,3502
18/12/2020,US,318345,2966
19/12/2020,US,321024,2679
20/12/2020,US,322756,1732
21/12/2020,US,324656,1900
22/12/2020,US,328055,3399
23/12/2020,US,331478,3423
24/12/2020,US,334374,2896
25/12/2020,US,335832,1458
26/12/2020,US,337723,1891
27/12/2020,US,339160,1437
28/12/2020,US,341162,2002
29/12/2020,US,344781,3619
30/12/2020,US,348573,3792
31/12/2020,US,352001,3428
1/1/2021,US,354136,2135
2/1/2021,US,356693,2557
3/1/2021,US,358150,1457
4/1/2021,US,360244,2094
5/1/2021,US,363934,3690
6/1/2021,US,367826,3892
7/1/2021,US,371830,4004
8/1/2021,US,375928,4098
9/1/2021,US,379233,3305
10/1/2021,US,381251,2018
11/1/2021,US,383350,2099
12/1/2021,US,387810,4460
13/1/2021,US,391804,3994
14/1/2021,US,395771,3967
15/1/2021,US,399683,3912
16/1/2021,US,403102,3419
17/1/2021,US,405003,1901
18/1/2021,US,406563,1560
19/1/2021,US,409269,2706
20/1/2021,US,413682,4413
21/1/2021,US,417868,4186
22/1/2021,US,421691,3823
23/1/2021,US,425065,3374
24/1/2021,US,426930,1865
25/1/2021,US,428904,1974
26/1/2021,US,432926,4022
27/1/2021,US,436872,3946
28/1/2021,US,440884,4012
29/1/2021,US,444528,3644
30/1/2021,US,447325,2797
31/1/2021,US,449188,1863
1/2/2021,US,451269,2081
2/2/2021,US,454689,3420
3/2/2021,US,458571,3882
4/2/2021,US,462318,3747
5/2/2021,US,465983,3665
6/2/2021,US,468669,2686
7/2/2021,US,470110,1441
8/2/2021,US,471724,1614
9/2/2021,US,474773,3049
10/2/2021,US,478078,3305
11/2/2021,US,481292,3214
12/2/2021,US,484222,2930
13/2/2021,US,486420,2198
14/2/2021,US,487592,1172
15/2/2021,US,488555,963
16/2/2021,US,490301,1746
17/2/2021,US,492697,2396
18/2/2021,US,495211,2514
19/2/2021,US,497836,2625
20/2/2021,US,499673,1837
21/2/2021,US,500911,1238
22/2/2021,US,502225,1314
23/2/2021,US,504500,2275
24/2/2021,US,507683,3183
25/2/2021,US,510116,2433
26/2/2021,US,512195,2079
27/2/2021,US,513717,1522
28/2/2021,US,514809,1092
1/3/2021,US,516324,1515
2/3/2021,US,518265,1941
3/3/2021,US,520746,2481
4/3/2021,US,522668,1922
5/3/2021,US,524471,1803
6/3/2021,US,525981,1510
7/3/2021,US,526684,703
8/3/2021,US,527420,736
9/3/2021,US,529225,1805
10/3/2021,US,530795,1570
11/3/2021,US,532353,1558
12/3/2021,US,533898,1545
13/3/2021,US,534929,1031
14/3/2021,US,535514,585
15/3/2021,US,536262,748
16/3/2021,US,537441,1179
17/3/2021,US,538668,1227
18/3/2021,US,540314,1646
19/3/2021,US,541441,1127
20/3/2021,US,542181,740
21/3/2021,US,542669,488
22/3/2021,US,543390,721
23/3/2021,US,544265,875
24/3/2021,US,545775,1510
25/3/2021,US,547175,1400
26/3/2021,US,548326,1151
27/3/2021,US,549122,796
28/3/2021,US,549647,525
29/3/2021,US,550351,704
30/3/2021,US,551234,883
31/3/2021,US,552312,1078
1/4/2021,US,553389,1077
2/4/2021,US,554343,954
3/4/2021,US,555094,751
4/4/2021,US,555391,297
5/4/2021,US,555896,505
6/4/2021,US,556756,860
7/4/2021,US,559350,2594
8/4/2021,US,560378,1028
9/4/2021,US,561269,891
10/4/2021,US,561981,712
11/4/2021,US,562286,305
12/4/2021,US,562760,474
13/4/2021,US,563591,831
14/4/2021,US,564547,956
15/4/2021,US,565453,906
16/4/2021,US,566332,879
17/4/2021,US,567033,701
18/4/2021,US,567372,339
19/4/2021,US,567869,497
20/4/2021,US,568712,843
21/4/2021,US,569572,860
22/4/2021,US,570540,968
23/4/2021,US,571318,778
24/4/2021,US,572069,751
25/4/2021,US,572362,293
26/4/2021,US,572852,490
27/4/2021,US,573506,654
28/4/2021,US,574474,968
29/4/2021,US,575351,877
30/4/2021,US,576101,750
1/5/2021,US,576817,716
2/5/2021,US,577157,340
3/5/2021,US,577657,500
4/5/2021,US,578533,876
5/5/2021,US,579328,795
6/5/2021,US,580126,798
7/5/2021,US,580885,759
8/5/2021,US,581516,631
9/5/2021,US,581765,249
10/5/2021,US,582177,412
11/5/2021,US,582865,688
12/5/2021,US,583634,769
13/5/2021,US,584401,767
14/5/2021,US,585058,657
15/5/2021,US,585558,500
16/5/2021,US,585835,277
17/5/2021,US,586231,396
18/5/2021,US,587002,771
19/5/2021,US,587679,677
20/5/2021,US,588357,678
21/5/2021,US,588973,616
22/5/2021,US,589471,498
23/5/2021,US,589669,198
24/5/2021,US,590115,446
25/5/2021,US,590749,634
26/5/2021,US,591728,979
27/5/2021,US,593090,1362
28/5/2021,US,593653,563
29/5/2021,US,593986,333
30/5/2021,US,594121,135
31/5/2021,US,594274,153
1/6/2021,US,594925,651
2/6/2021,US,595484,559
3/6/2021,US,596103,619
4/6/2021,US,596630,527
5/6/2021,US,597015,385
6/6/2021,US,597187,172
7/6/2021,US,597505,318
8/6/2021,US,597847,342
9/6/2021,US,598298,451
10/6/2021,US,598731,433
11/6/2021,US,599382,651
12/6/2021,US,599676,294
13/6/2021,US,599790,114
14/6/2021,US,599971,181
15/6/2021,US,600292,321
16/6/2021,US,600669,377
17/6/2021,US,600955,286
18/6/2021,US,601555,600
19/6/2021,US,601728,173
20/6/2021,US,601817,89
21/6/2021,US,602094,277
22/6/2021,US,602422,328
23/6/2021,US,602803,381
24/6/2021,US,603148,345
25/6/2021,US,603646,498
26/6/2021,US,603797,151
27/6/2021,US,603874,77
28/6/2021,US,604029,155
29/6/2021,US,604347,318
30/6/2021,US,604598,251
1/7/2021,US,604908,310
2/7/2021,US,605384,476
3/7/2021,US,605466,82
4/7/2021,US,605503,37
5/7/2021,US,605554,51
6/7/2021,US,605895,341
7/7/2021,US,606190,295
8/7/2021,US,606450,260
9/7/2021,US,606957,507
10/7/2021,US,607097,140
11/7/2021,US,607128,31
12/7/2021,US,607374,246
13/7/2021,US,607732,358
14/7/2021,US,608067,335
15/7/2021,US,608353,286
16/7/2021,US,608749,396
17/7/2021,US,608823,74
18/7/2021,US,608964,141
19/7/2021,US,609182,218
20/7/2021,US,609475,293
21/7/2021,US,609814,339
22/7/2021,US,610146,332
23/7/2021,US,610676,530
24/7/2021,US,610797,121
25/7/2021,US,610843,46
26/7/2021,US,611121,278
27/7/2021,US,611565,444
28/7/2021,US,611956,391
29/7/2021,US,612283,327
30/7/2021,US,613179,896
31/7/2021,US,613334,155
1/8/2021,US,613412,78
2/8/2021,US,613873,461
3/8/2021,US,614462,589
4/8/2021,US,614959,497
5/8/2021,US,615503,544
6/8/2021,US,616660,1157
7/8/2021,US,616892,232
8/8/2021,US,617020,128
9/8/2021,US,617528,508
10/8/2021,US,618338,810
11/8/2021,US,618691,353
12/8/2021,US,619325,634
13/8/2021,US,621229,1904
14/8/2021,US,621483,254
15/8/2021,US,621663,180
16/8/2021,US,622369,706
17/8/2021,US,623356,987
18/8/2021,US,624523,1167
19/8/2021,US,625452,929
20/8/2021,US,628110,2658
21/8/2021,US,628626,516
22/8/2021,US,628816,190
23/8/2021,US,629736,920
24/8/2021,US,631121,1385
25/8/2021,US,632594,1473
26/8/2021,US,633899,1305
27/8/2021,US,636995,3096
28/8/2021,US,637544,549
29/8/2021,US,637840,296
30/8/2021,US,639023,1183
31/8/2021,US,640364,1341
1/9/2021,US,642348,1984
2/9/2021,US,643939,1591
3/9/2021,US,647776,3837
4/9/2021,US,648307,531
5/9/2021,US,648672,365
6/9/2021,US,649203,531
7/9/2021,US,650645,1442
8/9/2021,US,652791,2146
9/9/2021,US,654717,1926
10/9/2021,US,658992,4275
11/9/2021,US,659691,699
12/9/2021,US,659970,279
22/1/2020,United Kingdom,0,0
23/1/2020,United Kingdom,0,0
24/1/2020,United Kingdom,0,0
25/1/2020,United Kingdom,0,0
26/1/2020,United Kingdom,0,0
27/1/2020,United Kingdom,0,0
28/1/2020,United Kingdom,0,0
29/1/2020,United Kingdom,0,0
30/1/2020,United Kingdom,0,0
31/1/2020,United Kingdom,0,0
1/2/2020,United Kingdom,0,0
2/2/2020,United Kingdom,0,0
3/2/2020,United Kingdom,0,0
4/2/2020,United Kingdom,0,0
5/2/2020,United Kingdom,0,0
6/2/2020,United Kingdom,0,0
7/2/2020,United Kingdom,0,0
8/2/2020,United Kingdom,0,0
9/2/2020,United Kingdom,0,0
10/2/2020,United Kingdom,0,0
11/2/2020,United Kingdom,0,0
12/2/2020,United Kingdom,0,0
13/2/2020,United Kingdom,0,0
14/2/2020,United Kingdom,0,0
15/2/2020,United Kingdom,0,0
16/2/2020,United Kingdom,0,0
17/2/2020,United Kingdom,0,0
18/2/2020,United Kingdom,0,0
19/2/2020,United Kingdom,0,0
20/2/2020,United Kingdom,0,0
21/2/2020,United Kingdom,0,0
22/2/2020,United Kingdom,0,0
23/2/2020,United Kingdom,0,0
24/2/2020,United Kingdom,0,0
25/2/2020,United Kingdom,0,0
26/2/2020,United Kingdom,0,0
27/2/2020,United Kingdom,0,0
28/2/2020,United Kingdom,0,0
29/2/2020,United Kingdom,0,0
1/3/2020,United Kingdom,0,0
2/3/2020,United Kingdom,0,0
3/3/2020,United Kingdom,0,0
4/3/2020,United Kingdom,0,0
5/3/2020,United Kingdom,0,0
6/3/2020,United Kingdom,1,1
7/3/2020,United Kingdom,2,1
8/3/2020,United Kingdom,2,0
9/3/2020,United Kingdom,3,1
10/3/2020,United Kingdom,7,4
11/3/2020,United Kingdom,7,0
12/3/2020,United Kingdom,9,2
13/3/2020,United Kingdom,10,1
14/3/2020,United Kingdom,29,19
15/3/2020,United Kingdom,43,14
16/3/2020,United Kingdom,66,23
17/3/2020,United Kingdom,83,17
18/3/2020,United Kingdom,118,35
19/3/2020,United Kingdom,164,46
20/3/2020,United Kingdom,196,32
21/3/2020,United Kingdom,254,58
22/3/2020,United Kingdom,289,35
23/3/2020,United Kingdom,365,76
24/3/2020,United Kingdom,513,148
25/3/2020,United Kingdom,704,191
26/3/2020,United Kingdom,886,182
27/3/2020,United Kingdom,1174,288
28/3/2020,United Kingdom,1466,292
29/3/2020,United Kingdom,1679,213
30/3/2020,United Kingdom,2053,374
31/3/2020,United Kingdom,2457,404
1/4/2020,United Kingdom,3130,673
2/4/2020,United Kingdom,3787,657
3/4/2020,United Kingdom,4524,737
4/4/2020,United Kingdom,5281,757
5/4/2020,United Kingdom,5882,601
6/4/2020,United Kingdom,6452,570
7/4/2020,United Kingdom,7557,1105
8/4/2020,United Kingdom,8589,1032
9/4/2020,United Kingdom,9706,1117
10/4/2020,United Kingdom,10829,1123
11/4/2020,United Kingdom,11673,844
12/4/2020,United Kingdom,12330,657
13/4/2020,United Kingdom,13055,725
14/4/2020,United Kingdom,14135,1080
15/4/2020,United Kingdom,15019,884
16/4/2020,United Kingdom,16059,1040
17/4/2020,United Kingdom,16973,914
18/4/2020,United Kingdom,18081,1108
19/4/2020,United Kingdom,18514,433
20/4/2020,United Kingdom,19090,576
21/4/2020,United Kingdom,20314,1224
22/4/2020,United Kingdom,21171,857
23/4/2020,United Kingdom,21855,684
24/4/2020,United Kingdom,22873,1018
25/4/2020,United Kingdom,23689,816
26/4/2020,United Kingdom,24053,364
27/4/2020,United Kingdom,24376,323
28/4/2020,United Kingdom,25347,971
29/4/2020,United Kingdom,26118,771
30/4/2020,United Kingdom,26754,636
1/5/2020,United Kingdom,27454,700
2/5/2020,United Kingdom,28039,585
3/5/2020,United Kingdom,28292,253
4/5/2020,United Kingdom,28565,273
5/5/2020,United Kingdom,29290,725
6/5/2020,United Kingdom,29937,647
7/5/2020,United Kingdom,30395,458
8/5/2020,United Kingdom,30975,580
9/5/2020,United Kingdom,31250,275
10/5/2020,United Kingdom,31467,217
11/5/2020,United Kingdom,31655,188
12/5/2020,United Kingdom,32270,615
13/5/2020,United Kingdom,32718,448
14/5/2020,United Kingdom,33071,353
15/5/2020,United Kingdom,33422,351
16/5/2020,United Kingdom,33833,411
17/5/2020,United Kingdom,33900,67
18/5/2020,United Kingdom,34046,146
19/5/2020,United Kingdom,34547,501
20/5/2020,United Kingdom,34876,329
21/5/2020,United Kingdom,35149,273
22/5/2020,United Kingdom,35440,291
23/5/2020,United Kingdom,35660,220
24/5/2020,United Kingdom,36039,379
25/5/2020,United Kingdom,36143,104
26/5/2020,United Kingdom,36274,131
27/5/2020,United Kingdom,36696,422
28/5/2020,United Kingdom,37039,343
29/5/2020,United Kingdom,37313,274
30/5/2020,United Kingdom,37467,154
31/5/2020,United Kingdom,37527,60
1/6/2020,United Kingdom,37613,86
2/6/2020,United Kingdom,37863,250
3/6/2020,United Kingdom,38117,254
4/6/2020,United Kingdom,38247,130
5/6/2020,United Kingdom,38505,258
6/6/2020,United Kingdom,38648,143
7/6/2020,United Kingdom,38702,54
8/6/2020,United Kingdom,38749,47
9/6/2020,United Kingdom,38946,197
10/6/2020,United Kingdom,39110,164
11/6/2020,United Kingdom,39186,76
12/6/2020,United Kingdom,39317,131
13/6/2020,United Kingdom,39424,107
14/6/2020,United Kingdom,39451,27
15/6/2020,United Kingdom,39480,29
16/6/2020,United Kingdom,39600,120
17/6/2020,United Kingdom,39710,110
18/6/2020,United Kingdom,39777,67
19/6/2020,United Kingdom,39861,84
20/6/2020,United Kingdom,39932,71
21/6/2020,United Kingdom,39963,31
22/6/2020,United Kingdom,39976,13
23/6/2020,United Kingdom,40070,94
24/6/2020,United Kingdom,40157,87
25/6/2020,United Kingdom,40256,99
26/6/2020,United Kingdom,40333,77
27/6/2020,United Kingdom,40373,40
28/6/2020,United Kingdom,40404,31
29/6/2020,United Kingdom,40425,21
30/6/2020,United Kingdom,40479,54
1/7/2020,United Kingdom,40576,97
2/7/2020,United Kingdom,40617,41
3/7/2020,United Kingdom,40666,49
4/7/2020,United Kingdom,40698,32
5/7/2020,United Kingdom,40717,19
6/7/2020,United Kingdom,40728,11
7/7/2020,United Kingdom,40782,54
8/7/2020,United Kingdom,40839,57
9/7/2020,United Kingdom,40870,31
10/7/2020,United Kingdom,40904,34
11/7/2020,United Kingdom,40921,17
12/7/2020,United Kingdom,40930,9
13/7/2020,United Kingdom,40940,10
14/7/2020,United Kingdom,40984,44
15/7/2020,United Kingdom,41010,26
16/7/2020,United Kingdom,41034,24
17/7/2020,United Kingdom,41060,26
18/7/2020,United Kingdom,41069,9
19/7/2020,United Kingdom,41080,11
20/7/2020,United Kingdom,41090,10
21/7/2020,United Kingdom,41115,25
22/7/2020,United Kingdom,41132,17
23/7/2020,United Kingdom,41141,9
24/7/2020,United Kingdom,41173,32
25/7/2020,United Kingdom,41188,15
26/7/2020,United Kingdom,41196,8
27/7/2020,United Kingdom,41199,3
28/7/2020,United Kingdom,41220,21
29/7/2020,United Kingdom,41254,34
30/7/2020,United Kingdom,41254,0
31/7/2020,United Kingdom,41274,20
1/8/2020,United Kingdom,41287,13
2/8/2020,United Kingdom,41292,5
3/8/2020,United Kingdom,41293,1
4/8/2020,United Kingdom,41311,18
5/8/2020,United Kingdom,41325,14
6/8/2020,United Kingdom,41343,18
7/8/2020,United Kingdom,41355,12
8/8/2020,United Kingdom,41358,3
9/8/2020,United Kingdom,41363,5
10/8/2020,United Kingdom,41381,18
11/8/2020,United Kingdom,41394,13
12/8/2020,United Kingdom,41414,20
13/8/2020,United Kingdom,41432,18
14/8/2020,United Kingdom,41443,11
15/8/2020,United Kingdom,41446,3
16/8/2020,United Kingdom,41451,5
17/8/2020,United Kingdom,41454,3
18/8/2020,United Kingdom,41466,12
19/8/2020,United Kingdom,41483,17
20/8/2020,United Kingdom,41489,6
21/8/2020,United Kingdom,41491,2
22/8/2020,United Kingdom,41509,18
23/8/2020,United Kingdom,41515,6
24/8/2020,United Kingdom,41519,4
25/8/2020,United Kingdom,41535,16
26/8/2020,United Kingdom,41552,17
27/8/2020,United Kingdom,41564,12
28/8/2020,United Kingdom,41573,9
29/8/2020,United Kingdom,41585,12
30/8/2020,United Kingdom,41586,1
31/8/2020,United Kingdom,41589,3
1/9/2020,United Kingdom,41592,3
2/9/2020,United Kingdom,41602,10
3/9/2020,United Kingdom,41616,14
4/9/2020,United Kingdom,41626,10
5/9/2020,United Kingdom,41638,12
6/9/2020,United Kingdom,41640,2
7/9/2020,United Kingdom,41643,3
8/9/2020,United Kingdom,41675,32
9/9/2020,United Kingdom,41683,8
10/9/2020,United Kingdom,41697,14
11/9/2020,United Kingdom,41703,6
12/9/2020,United Kingdom,41712,9
13/9/2020,United Kingdom,41717,5
14/9/2020,United Kingdom,41726,9
15/9/2020,United Kingdom,41753,27
16/9/2020,United Kingdom,41773,20
17/9/2020,United Kingdom,41794,21
18/9/2020,United Kingdom,41821,27
19/9/2020,United Kingdom,41848,27
20/9/2020,United Kingdom,41866,18
21/9/2020,United Kingdom,41877,11
22/9/2020,United Kingdom,41914,37
23/9/2020,United Kingdom,41951,37
24/9/2020,United Kingdom,41991,40
25/9/2020,United Kingdom,42025,34
26/9/2020,United Kingdom,42060,35
27/9/2020,United Kingdom,42077,17
28/9/2020,United Kingdom,42090,13
29/9/2020,United Kingdom,42162,72
30/9/2020,United Kingdom,42233,71
1/10/2020,United Kingdom,42292,59
2/10/2020,United Kingdom,42358,66
3/10/2020,United Kingdom,42407,49
4/10/2020,United Kingdom,42440,33
5/10/2020,United Kingdom,42459,19
6/10/2020,United Kingdom,42535,76
7/10/2020,United Kingdom,42605,70
8/10/2020,United Kingdom,42682,77
9/10/2020,United Kingdom,42769,87
10/10/2020,United Kingdom,42850,81
11/10/2020,United Kingdom,42915,65
12/10/2020,United Kingdom,42965,50
13/10/2020,United Kingdom,43108,143
14/10/2020,United Kingdom,43245,137
15/10/2020,United Kingdom,43383,138
16/10/2020,United Kingdom,43519,136
17/10/2020,United Kingdom,43669,150
18/10/2020,United Kingdom,43736,67
19/10/2020,United Kingdom,43816,80
20/10/2020,United Kingdom,44057,241
21/10/2020,United Kingdom,44248,191
22/10/2020,United Kingdom,44437,189
23/10/2020,United Kingdom,44661,224
24/10/2020,United Kingdom,44835,174
25/10/2020,United Kingdom,44986,151
26/10/2020,United Kingdom,45088,102
27/10/2020,United Kingdom,45455,367
28/10/2020,United Kingdom,45765,310
29/10/2020,United Kingdom,46045,280
30/10/2020,United Kingdom,46319,274
31/10/2020,United Kingdom,46645,326
1/11/2020,United Kingdom,46807,162
2/11/2020,United Kingdom,46943,136
3/11/2020,United Kingdom,47340,397
4/11/2020,United Kingdom,47832,492
5/11/2020,United Kingdom,48210,378
6/11/2020,United Kingdom,48565,355
7/11/2020,United Kingdom,48978,413
8/11/2020,United Kingdom,49134,156
9/11/2020,United Kingdom,49329,195
10/11/2020,United Kingdom,49861,532
11/11/2020,United Kingdom,50457,596
12/11/2020,United Kingdom,51020,563
13/11/2020,United Kingdom,51396,376
14/11/2020,United Kingdom,51858,462
15/11/2020,United Kingdom,52026,168
16/11/2020,United Kingdom,52240,214
17/11/2020,United Kingdom,52839,599
18/11/2020,United Kingdom,53368,529
19/11/2020,United Kingdom,53870,502
20/11/2020,United Kingdom,54381,511
21/11/2020,United Kingdom,54721,340
22/11/2020,United Kingdom,55120,399
23/11/2020,United Kingdom,55327,207
24/11/2020,United Kingdom,55935,608
25/11/2020,United Kingdom,56630,695
26/11/2020,United Kingdom,57128,498
27/11/2020,United Kingdom,57648,520
28/11/2020,United Kingdom,58127,479
29/11/2020,United Kingdom,58342,215
30/11/2020,United Kingdom,58545,203
1/12/2020,United Kingdom,59148,603
2/12/2020,United Kingdom,59796,648
3/12/2020,United Kingdom,60210,414
4/12/2020,United Kingdom,60714,504
5/12/2020,United Kingdom,61111,397
6/12/2020,United Kingdom,61342,231
7/12/2020,United Kingdom,61531,189
8/12/2020,United Kingdom,62130,599
9/12/2020,United Kingdom,62663,533
10/12/2020,United Kingdom,63179,516
11/12/2020,United Kingdom,63603,424
12/12/2020,United Kingdom,64123,520
13/12/2020,United Kingdom,64267,144
14/12/2020,United Kingdom,64500,233
15/12/2020,United Kingdom,65006,506
16/12/2020,United Kingdom,65618,612
17/12/2020,United Kingdom,66150,532
18/12/2020,United Kingdom,66640,490
19/12/2020,United Kingdom,67177,537
20/12/2020,United Kingdom,67503,326
21/12/2020,United Kingdom,67718,215
22/12/2020,United Kingdom,68409,691
23/12/2020,United Kingdom,69157,748
24/12/2020,United Kingdom,69732,575
25/12/2020,United Kingdom,70302,570
26/12/2020,United Kingdom,70513,211
27/12/2020,United Kingdom,70860,347
28/12/2020,United Kingdom,71217,357
29/12/2020,United Kingdom,71675,458
30/12/2020,United Kingdom,72657,982
31/12/2020,United Kingdom,73622,965
1/1/2021,United Kingdom,74237,615
2/1/2021,United Kingdom,74682,445
3/1/2021,United Kingdom,75137,455
4/1/2021,United Kingdom,75547,410
5/1/2021,United Kingdom,76428,881
6/1/2021,United Kingdom,77470,1042
7/1/2021,United Kingdom,78632,1162
8/1/2021,United Kingdom,79965,1333
9/1/2021,United Kingdom,81000,1035
10/1/2021,United Kingdom,81567,567
11/1/2021,United Kingdom,82096,529
12/1/2021,United Kingdom,83342,1246
13/1/2021,United Kingdom,84910,1568
14/1/2021,United Kingdom,86163,1253
15/1/2021,United Kingdom,87448,1285
16/1/2021,United Kingdom,88747,1299
17/1/2021,United Kingdom,89429,682
18/1/2021,United Kingdom,90031,602
19/1/2021,United Kingdom,91643,1612
20/1/2021,United Kingdom,93469,1826
21/1/2021,United Kingdom,94765,1296
22/1/2021,United Kingdom,96166,1401
23/1/2021,United Kingdom,97518,1352
24/1/2021,United Kingdom,98129,611
25/1/2021,United Kingdom,98723,594
26/1/2021,United Kingdom,100359,1636
27/1/2021,United Kingdom,102085,1726
28/1/2021,United Kingdom,103324,1239
29/1/2021,United Kingdom,104572,1248
30/1/2021,United Kingdom,105777,1205
31/1/2021,United Kingdom,106367,590
1/2/2021,United Kingdom,106774,407
2/2/2021,United Kingdom,108225,1451
3/2/2021,United Kingdom,109547,1322
4/2/2021,United Kingdom,110462,915
5/2/2021,United Kingdom,111477,1015
6/2/2021,United Kingdom,112305,828
7/2/2021,United Kingdom,112681,376
8/2/2021,United Kingdom,113014,333
9/2/2021,United Kingdom,114066,1052
10/2/2021,United Kingdom,115068,1002
11/2/2021,United Kingdom,115748,680
12/2/2021,United Kingdom,116507,759
13/2/2021,United Kingdom,117128,621
14/2/2021,United Kingdom,117387,259
15/2/2021,United Kingdom,117622,235
16/2/2021,United Kingdom,118421,799
17/2/2021,United Kingdom,119159,738
18/2/2021,United Kingdom,119614,455
19/2/2021,United Kingdom,120147,533
20/2/2021,United Kingdom,120593,446
21/2/2021,United Kingdom,120810,217
22/2/2021,United Kingdom,120988,178
23/2/2021,United Kingdom,121536,548
24/2/2021,United Kingdom,121979,443
25/2/2021,United Kingdom,122303,324
26/2/2021,United Kingdom,122648,345
27/2/2021,United Kingdom,122939,291
28/2/2021,United Kingdom,123083,144
1/3/2021,United Kingdom,123187,104
2/3/2021,United Kingdom,123530,343
3/3/2021,United Kingdom,124017,487
4/3/2021,United Kingdom,124259,242
5/3/2021,United Kingdom,124495,236
6/3/2021,United Kingdom,124654,159
7/3/2021,United Kingdom,124736,82
8/3/2021,United Kingdom,124801,65
9/3/2021,United Kingdom,125032,231
10/3/2021,United Kingdom,125222,190
11/3/2021,United Kingdom,125403,181
12/3/2021,United Kingdom,125579,176
13/3/2021,United Kingdom,125701,122
14/3/2021,United Kingdom,125753,52
15/3/2021,United Kingdom,125817,64
16/3/2021,United Kingdom,125927,110
17/3/2021,United Kingdom,126068,141
18/3/2021,United Kingdom,126163,95
19/3/2021,United Kingdom,126263,100
20/3/2021,United Kingdom,126359,96
21/3/2021,United Kingdom,126393,34
22/3/2021,United Kingdom,126411,18
23/3/2021,United Kingdom,126523,112
24/3/2021,United Kingdom,126621,98
25/3/2021,United Kingdom,126684,63
26/3/2021,United Kingdom,126755,71
27/3/2021,United Kingdom,126813,58
28/3/2021,United Kingdom,126834,21
29/3/2021,United Kingdom,126857,23
30/3/2021,United Kingdom,126912,55
31/3/2021,United Kingdom,126955,43
1/4/2021,United Kingdom,127006,51
2/4/2021,United Kingdom,127058,52
3/4/2021,United Kingdom,127068,10
4/4/2021,United Kingdom,127078,10
5/4/2021,United Kingdom,127106,28
6/4/2021,United Kingdom,127126,20
7/4/2021,United Kingdom,127171,45
8/4/2021,United Kingdom,127224,53
9/4/2021,United Kingdom,127284,60
10/4/2021,United Kingdom,127324,40
11/4/2021,United Kingdom,127331,7
12/4/2021,United Kingdom,127346,15
13/4/2021,United Kingdom,127369,23
14/4/2021,United Kingdom,127407,38
15/4/2021,United Kingdom,127438,31
16/4/2021,United Kingdom,127472,34
17/4/2021,United Kingdom,127508,36
18/4/2021,United Kingdom,127518,10
19/4/2021,United Kingdom,127524,6
20/4/2021,United Kingdom,127557,33
21/4/2021,United Kingdom,127577,20
22/4/2021,United Kingdom,127597,20
23/4/2021,United Kingdom,127638,41
24/4/2021,United Kingdom,127670,32
25/4/2021,United Kingdom,127681,11
26/4/2021,United Kingdom,127688,7
27/4/2021,United Kingdom,127705,17
28/4/2021,United Kingdom,127734,29
29/4/2021,United Kingdom,127759,25
30/4/2021,United Kingdom,127775,16
1/5/2021,United Kingdom,127782,7
2/5/2021,United Kingdom,127796,14
3/5/2021,United Kingdom,127797,1
4/5/2021,United Kingdom,127803,6
5/5/2021,United Kingdom,127830,27
6/5/2021,United Kingdom,127843,13
7/5/2021,United Kingdom,127858,15
8/5/2021,United Kingdom,127863,5
9/5/2021,United Kingdom,127865,2
10/5/2021,United Kingdom,127870,5
11/5/2021,United Kingdom,127890,20
12/5/2021,United Kingdom,127901,11
13/5/2021,United Kingdom,127912,11
14/5/2021,United Kingdom,127930,18
15/5/2021,United Kingdom,127937,7
16/5/2021,United Kingdom,127941,4
17/5/2021,United Kingdom,127946,5
18/5/2021,United Kingdom,127953,7
19/5/2021,United Kingdom,127956,3
20/5/2021,United Kingdom,127963,7
21/5/2021,United Kingdom,127972,9
22/5/2021,United Kingdom,127978,6
23/5/2021,United Kingdom,127983,5
24/5/2021,United Kingdom,127986,3
25/5/2021,United Kingdom,128001,15
26/5/2021,United Kingdom,128010,9
27/5/2021,United Kingdom,128020,10
28/5/2021,United Kingdom,128030,10
29/5/2021,United Kingdom,128037,7
30/5/2021,United Kingdom,128043,6
31/5/2021,United Kingdom,128045,2
1/6/2021,United Kingdom,128045,0
2/6/2021,United Kingdom,128057,12
3/6/2021,United Kingdom,128075,18
4/6/2021,United Kingdom,128086,11
5/6/2021,United Kingdom,128099,13
6/6/2021,United Kingdom,128103,4
7/6/2021,United Kingdom,128104,1
8/6/2021,United Kingdom,128118,14
9/6/2021,United Kingdom,128124,6
10/6/2021,United Kingdom,128131,7
11/6/2021,United Kingdom,128148,17
12/6/2021,United Kingdom,128160,12
13/6/2021,United Kingdom,128168,8
14/6/2021,United Kingdom,128171,3
15/6/2021,United Kingdom,128181,10
16/6/2021,United Kingdom,128190,9
17/6/2021,United Kingdom,128209,19
18/6/2021,United Kingdom,128220,11
19/6/2021,United Kingdom,128234,14
20/6/2021,United Kingdom,128240,6
21/6/2021,United Kingdom,128245,5
22/6/2021,United Kingdom,128272,27
23/6/2021,United Kingdom,128291,19
24/6/2021,United Kingdom,128312,21
25/6/2021,United Kingdom,128330,18
26/6/2021,United Kingdom,128353,23
27/6/2021,United Kingdom,128364,11
28/6/2021,United Kingdom,128367,3
29/6/2021,United Kingdom,128390,23
30/6/2021,United Kingdom,128404,14
1/7/2021,United Kingdom,128426,22
2/7/2021,United Kingdom,128453,27
3/7/2021,United Kingdom,128471,18
4/7/2021,United Kingdom,128486,15
5/7/2021,United Kingdom,128495,9
6/7/2021,United Kingdom,128532,37
7/7/2021,United Kingdom,128565,33
8/7/2021,United Kingdom,128601,36
9/7/2021,United Kingdom,128631,30
10/7/2021,United Kingdom,128665,34
11/7/2021,United Kingdom,128691,26
12/7/2021,United Kingdom,128697,6
13/7/2021,United Kingdom,128747,50
14/7/2021,United Kingdom,128797,50
15/7/2021,United Kingdom,128864,67
16/7/2021,United Kingdom,128913,49
17/7/2021,United Kingdom,128960,47
18/7/2021,United Kingdom,128988,28
19/7/2021,United Kingdom,129007,19
20/7/2021,United Kingdom,129109,102
21/7/2021,United Kingdom,129182,73
22/7/2021,United Kingdom,129266,84
23/7/2021,United Kingdom,129330,64
24/7/2021,United Kingdom,129418,88
25/7/2021,United Kingdom,129446,28
26/7/2021,United Kingdom,129460,14
27/7/2021,United Kingdom,129591,131
28/7/2021,United Kingdom,129718,127
29/7/2021,United Kingdom,129809,91
30/7/2021,United Kingdom,129877,68
31/7/2021,United Kingdom,129949,72
1/8/2021,United Kingdom,130014,65
2/8/2021,United Kingdom,130039,25
3/8/2021,United Kingdom,130179,140
4/8/2021,United Kingdom,130300,121
5/8/2021,United Kingdom,130390,90
6/8/2021,United Kingdom,130482,92
7/8/2021,United Kingdom,130585,103
8/8/2021,United Kingdom,130630,45
9/8/2021,United Kingdom,130667,37
10/8/2021,United Kingdom,130813,146
11/8/2021,United Kingdom,130921,108
12/8/2021,United Kingdom,131016,95
13/8/2021,United Kingdom,131116,100
14/8/2021,United Kingdom,131210,94
15/8/2021,United Kingdom,131269,59
16/8/2021,United Kingdom,131296,27
17/8/2021,United Kingdom,131466,170
18/8/2021,United Kingdom,131577,111
19/8/2021,United Kingdom,131691,114
20/8/2021,United Kingdom,131805,114
21/8/2021,United Kingdom,131909,104
22/8/2021,United Kingdom,131958,49
23/8/2021,United Kingdom,132000,42
24/8/2021,United Kingdom,132174,174
25/8/2021,United Kingdom,132323,149
26/8/2021,United Kingdom,132465,142
27/8/2021,United Kingdom,132566,101
28/8/2021,United Kingdom,132699,133
29/8/2021,United Kingdom,132760,61
30/8/2021,United Kingdom,132808,48
31/8/2021,United Kingdom,132859,51
1/9/2021,United Kingdom,133066,207
2/9/2021,United Kingdom,133244,178
3/9/2021,United Kingdom,133365,121
4/9/2021,United Kingdom,133485,120
5/9/2021,United Kingdom,133553,68
6/9/2021,United Kingdom,133598,45
7/9/2021,United Kingdom,133808,210
8/9/2021,United Kingdom,133999,191
9/9/2021,United Kingdom,134166,167
10/9/2021,United Kingdom,134313,147
11/9/2021,United Kingdom,134469,156
12/9/2021,United Kingdom,134525,56
